speakerID,AT,GT
speaker1,0.331352154532,0.40625
speaker0,0.323922734027,0.214285714286
speaker2,0.344725111441,0.379464285714
