speakerID,AT,GT
hayden,0.286371477861,0.12363427257
matt,0.316848763657,0.58309373203
ricardo,0.396779758482,0.2932719954
